breakpoints,primitives,p_bp,q_bp
0,movej,"[array([ 1647.99938536, -1209.9995528 ,  -231.00073217])]","[array([-0.6198374 ,  0.98747252,  0.70567253,  0.07819956, -0.91126937,
       -0.20167904])]"
359,movec_fit,"[array([ 1647.99943952, -1269.99956568,  -231.0007175 ]), array([ 1648.52295803, -1210.00412235,  -231.00073198])]","[array([-0.64534669,  1.06778978,  0.83360727,  0.06401183, -0.9570167 ,
       -0.16687457]), array([-0.61967757,  0.98836374,  0.70708019,  0.0782425 , -0.91179623,
       -0.20182163])]"
